{"[-1, -1, 0]": 133.40000000000032, "[1, 0, 1]": 2152.7999999999834, "[1, 1, 1]": 179.49999999999727, "[1, 1, 0]": -20.699999999999097, "[1, 0, 0]": 1405.900000000097, "[-1, -1, -1]": -313.50000000000034, "[-1, -2, 0]": 468.90000000000026, "[-1, -2, -1]": -105.59999999999961, "[-1, 2, 1]": 165.80000000000038, "[-1, 1, -1]": -660.8000000000361, "[-1, 1, 0]": -1708.7000000000733, "[-1, 0, -1]": -1093.7000000000317, "[-2, 0, 0]": -1993.200000000127, "[-2, -1, 0]": -752.8000000000521, "[-1, 1, 1]": -148.2999999999994, "[-1, 0, 0]": -1295.2000000000494, "[-1, 0, 1]": 1340.0000000000405, "[-1, 1, -2]": -195.6999999999977, "[-2, -1, -1]": -427.8999999999955, "[-1, -1, 1]": 99.70000000000014, "[2, 1, 0]": -205.80000000000263, "[1, -1, 0]": 3106.4999999990555, "[2, 0, 0]": 53.70000000000028, "[2, 1, 1]": 73.90000000000039, "[2, 2, 1]": 18.799999999999965, "[3, 2, 0]": -1980.1999999999803, "[3, 1, 1]": 635.9000000000049, "[2, -1, 0]": 609.2000000000207, "[3, -2, 0]": 402.60000000000184, "[3, -1, 1]": 835.7000000000003, "[3, -1, 0]": 23.10000000000014, "[3, 0, 1]": 1144.0000000000077, "[3, 0, 0]": -1478.9999999999768, "[3, 1, 0]": -2601.9000000001506, "[3, -1, -1]": -485.29999999999905, "[3, 0, -1]": -1112.2999999999925, "[3, 2, 1]": 232.59999999999934, "[3, 0, 2]": 194.49999999999937, "[3, 1, -1]": -504.79999999999984, "[2, -1, 1]": 270.89999999999816, "[2, 0, 2]": 69.60000000000021, "[3, -2, 2]": 168.10000000000025, "[3, -2, 1]": 380.10000000000076, "[-2, 1, -1]": -808.6000000000727, "[-2, 1, -2]": -295.2999999999929, "[-3, 0, -2]": -115.9000000000003, "[-3, 1, -1]": -458.29999999999524, "[-2, -1, 1]": -131.9000000000001, "[-3, 1, -2]": -206.69999999999533, "[-3, 0, 0]": -849.7000000000359, "[-3, 0, 1]": -116.50000000000023, "[-3, 0, -1]": -578.9000000000118, "[3, 2, -1]": -187.20000000000118, "[3, 3, 0]": -761.5999999999885, "[-3, 2, 0]": -779.0000000000041, "[-2, 0, -2]": -157.09999999999818, "[-3, -1, 0]": -389.6999999999978, "[-3, 1, 0]": -1011.1000000000367, "[-2, 1, 1]": -343.899999999992, "[-2, 1, 0]": -2232.199999999902, "[-2, 0, -1]": -1133.300000000091, "[-2, 2, 0]": -1327.6000000000247, "[-3, 1, 1]": -108.40000000000022, "[-2, 0, 1]": -270.69999999999175, "[-1, 2, 0]": -785.9000000000519, "[-2, 0, -3]": -30.099999999999984, "[-1, 0, -2]": -209.29999999999507, "[1, 0, 2]": 119.10000000000015, "[1, 1, 2]": 50.600000000000186, "[1, -1, 1]": 662.600000000035, "[2, 0, 1]": 730.7000000000529, "[2, -1, -1]": 52.600000000000286, "[3, -2, -1]": -154.09999999999877, "[2, 1, -1]": -179.40000000000128, "[1, 0, -2]": 15.899999999999977, "[2, 0, -1]": -155.20000000000158, "[2, -1, 2]": 157.29999999999845, "[3, 1, -2]": -268.3999999999997, "[3, -3, 1]": 130.10000000000105, "[3, -3, -1]": 37.59999999999995, "[3, -4, 0]": 111.60000000000124, "[3, -4, 2]": 49.599999999999966, "[1, 0, 3]": 19.09999999999998, "[-1, 0, 2]": 377.1999999999963, "[2, 1, 2]": 22.499999999999982, "[1, 0, -1]": 81.3000000000004, "[1, -2, -1]": 77.30000000000013, "[-1, -1, -2]": -15.199999999999982, "[-1, -1, 2]": 14.40000000000002, "[-2, 2, -2]": -141.29999999999936, "[-3, 2, -2]": -150.3999999999989, "[-2, 1, 2]": -16.299999999999972, "[-1, -2, 2]": 63.80000000000015, "[-2, -2, -1]": -177.19999999999905, "[-1, 2, -1]": -264.49999999999807, "[-1, 3, 0]": -86.70000000000036, "[-1, 4, 1]": -2.1, "[-1, 4, -1]": -6.1000000000000005, "[-1, 3, -1]": -37.40000000000007, "[2, -2, 2]": 249.29999999999734, "[2, -3, 1]": 0.7000000000000817, "[1, -1, -2]": 5.000000000000002, "[-1, 2, -2]": -179.6999999999992, "[2, 2, 0]": -127.4000000000009, "[2, -2, 0]": 128.20000000000312, "[3, -3, 0]": 244.60000000000213, "[2, 3, -2]": -13.700000000000003, "[3, 3, -2]": -61.89999999999998, "[3, 2, -2]": -107.9, "[3, -1, -3]": -24.200000000000006, "[3, 0, -3]": -51.300000000000054, "[3, 0, -2]": -249.19999999999942, "[-3, 2, -1]": -191.2000000000001, "[-2, -2, 2]": -8.3, "[-2, -2, 1]": -32.49999999999997, "[-1, -3, 2]": -1.4000000000000001, "[-2, 2, -1]": -179.29999999999674, "[-3, 3, 0]": -381.3000000000037, "[-1, 1, 3]": -2.3000000000000003, "[-1, 0, 3]": 29.69999999999999, "[2, -3, 0]": -33.10000000000041, "[-1, 4, 0]": -5.3, "[-3, -2, 0]": -117.30000000000013, "[-2, 3, 0]": -553.7000000000133, "[3, -1, 2]": 362.7999999999987, "[3, -3, 2]": 87.99999999999996, "[-2, 3, -2]": -27.99999999999999, "[1, -1, 2]": 507.7999999999937, "[3, -1, -2]": -63.10000000000002, "[-1, 3, 1]": -1.992850329202156e-14, "[-1, -3, 0]": -19.899999999999963, "[2, -2, 1]": 137.50000000000045, "[1, -2, 0]": 303.60000000000315, "[2, 2, -2]": -46.59999999999991, "[2, 2, -1]": -53.19999999999993, "[3, -3, 3]": 2.5, "[-2, 2, 1]": -112.40000000000047, "[-3, 3, -3]": -1.7999999999999998, "[-3, 3, -2]": -29.30000000000001, "[-3, 3, -1]": -57.69999999999963, "[-2, 3, 1]": -18.99999999999999, "[1, 1, -1]": -152.40000000000094, "[1, -1, -1]": 657.4000000000291, "[-1, -2, 1]": 27.80000000000001, "[1, 2, 1]": 6.400000000000057, "[-1, 1, 2]": 5.200000000000001, "[1, -2, 2]": 73.60000000000005, "[1, -3, 0]": -26.60000000000007, "[1, 3, 0]": -17.400000000000006, "[3, 3, 1]": 34.40000000000005, "[1, 2, 0]": 101.10000000000099, "[1, 3, 1]": -1.0999999999999936, "[-1, -3, -1]": -19.19999999999999, "[-3, -2, -1]": -135.89999999999958, "[-2, -2, 0]": -177.999999999997, "[-1, 0, -3]": -29.199999999999978, "[3, 1, 3]": 13.400000000000002, "[1, -2, 1]": 99.69999999999996, "[1, -3, 2]": 20.599999999999998, "[2, -3, 2]": 22.500000000000014, "[-3, -1, -1]": -355.39999999999844, "[-3, -1, 2]": -11.799999999999994, "[-2, 3, -1]": -43.89999999999996, "[1, 2, -1]": -22.899999999999928, "[-3, -1, 1]": -87.90000000000013, "[2, 2, 3]": 3.700000000000001, "[1, -2, -3]": -0.2, "[2, -1, -2]": -21.700000000000006, "[2, -3, -1]": 21.399999999999995, "[2, -2, -1]": 27.59999999999999, "[-2, -3, 0]": -39.40000000000005, "[2, 3, 1]": 7.6, "[-1, -3, 1]": 11.400000000000006, "[-1, -4, 1]": 9.900000000000002, "[-1, -4, 0]": 0.4000000000000001, "[3, 3, -1]": -31.499999999999712, "[3, 4, -2]": -9.100000000000012, "[3, 4, -1]": -6.6000000000000485, "[3, 4, 0]": -197.80000000000297, "[1, -4, 2]": 6.7, "[2, -2, 3]": 7.400000000000003, "[2, -1, 3]": 92.30000000000035, "[-1, 4, -2]": -11.399999999999995, "[-1, 2, -3]": -13.100000000000001, "[2, 0, -3]": -5.0, "[2, 1, -3]": -8.400000000000006, "[2, 2, -3]": 2.5, "[2, 1, -2]": -54.99999999999986, "[-3, 5, 0]": -186.8000000000011, "[1, -3, -1]": 4.1000000000000005, "[3, -4, 1]": 28.19999999999986, "[-1, 1, -3]": -35.000000000000014, "[-2, 2, -3]": -12.299999999999986, "[-1, 2, 2]": 18.499999999999996, "[1, 2, 3]": 0.8999999999999999, "[-1, -2, -3]": -0.8, "[3, 0, 3]": 84.1000000000001, "[1, 1, -2]": -46.19999999999992, "[-1, 3, -2]": -30.799999999999986, "[-3, 4, 0]": -182.9000000000039, "[2, 1, 3]": 16.300000000000004, "[3, 1, 2]": 130.09999999999982, "[-2, -1, -3]": -23.599999999999973, "[-3, 1, -3]": -39.700000000000095, "[-3, -1, -2]": -52.200000000000045, "[-3, -3, 2]": -8.299999999999999, "[-1, -2, -2]": -13.499999999999993, "[-3, -3, 0]": -14.0, "[-2, -3, 1]": -1.5999999999999983, "[-2, -3, 2]": -0.49999999999999994, "[-3, 0, -3]": -34.700000000000024, "[-3, 2, 1]": -81.90000000000005, "[-3, 4, 1]": -20.1, "[-2, 1, -3]": -34.40000000000003, "[1, 3, -1]": -14.3, "[2, 3, -1]": -19.500000000000007, "[2, 3, 0]": -64.29999999999993, "[1, -2, -2]": 4.1000000000000005, "[3, -2, -2]": -12.099999999999998, "[2, 0, -2]": -26.80000000000001, "[2, 4, 0]": -4.8999999999999995, "[-2, -1, -4]": -12.7, "[-1, -4, 2]": 1.4000000000000001, "[2, -3, 3]": 4.300000000000001, "[-3, 0, 2]": -9.799999999999994, "[1, -4, -1]": -1.6, "[-3, 4, -2]": -28.400000000000013, "[-3, 3, 1]": -40.80000000000001, "[1, 2, -2]": -16.20000000000002, "[-2, 0, 2]": -35.3, "[-2, 4, 1]": 4.1, "[2, -4, -1]": 4.699999999999998, "[-2, 4, -2]": -5.0, "[2, -4, 2]": -1.2000000000000004, "[3, 4, 1]": 4.1000000000000005, "[-2, -3, -2]": -4.000000000000001, "[-2, -1, -2]": -69.20000000000016, "[-3, -2, 1]": -28.199999999999985, "[3, -1, 3]": 41.900000000000006,