{"[-1, -1, 0]": 160.39999999999878, "[1, 0, 1]": 1640.599999999986, "[1, 1, 1]": 163.69999999999817, "[1, 1, 0]": -57.09999999999941, "[1, 0, 0]": 967.6999999999974, "[-1, -1, -1]": -313.30000000000035, "[-1, -2, 0]": 424.1000000000028, "[-1, -2, -1]": -131.19999999999976, "[-1, 2, 1]": 172.4, "[-1, 1, -1]": -576.0000000000168, "[-1, 1, 0]": -1384.4999999999995, "[-1, 0, -1]": -932.699999999995, "[-2, 0, 0]": -1435.0, "[-2, -1, 0]": -613.2000000000204, "[-1, 1, 1]": -90.1, "[-1, 0, 0]": -1089.4000000000026, "[-1, 0, 1]": 1110.9999999999884, "[-1, 1, -2]": -162.29999999999959, "[-2, -1, -1]": -355.2999999999996, "[-1, -1, 1]": 91.30000000000003, "[2, 1, 0]": -225.6000000000015, "[1, -1, 0]": 2432.6999999996683, "[2, 0, 0]": -8.69999999999995, "[2, 1, 1]": 56.90000000000015, "[2, 2, 1]": 13.599999999999982, "[3, 2, 0]": -1980.3999999999803, "[3, 1, 1]": 602.8999999999974, "[2, -1, 0]": 488.59999999999997, "[3, -2, 0]": 433.2000000000001, "[3, -1, 1]": 828.8999999999987, "[3, -1, 0]": 54.10000000000042, "[3, 0, 1]": 1076.5999999999924, "[3, 0, 0]": -1454.3999999999712, "[3, 1, 0]": -2601.1000000001513, "[3, -1, -1]": -443.30000000000143, "[3, 0, -1]": -1056.2999999999797, "[3, 2, 1]": 219.2000000000001, "[3, 0, 2]": 178.50000000000028, "[3, 1, -1]": -483.60000000000105, "[2, -1, 1]": 245.89999999999958, "[2, 0, 2]": 54.599999999999994, "[3, -2, 2]": 165.90000000000038, "[3, -2, 1]": 387.9000000000003, "[-2, 1, -1]": -596.6000000000245, "[-2, 1, -2]": -201.89999999999822, "[-3, 0, -2]": -93.89999999999999, "[-3, 1, -1]": -370.10000000000025, "[-2, -1, 1]": -110.10000000000007, "[-3, 1, -2]": -144.49999999999886, "[-3, 0, 0]": -698.5000000000015, "[-3, 0, 1]": -98.89999999999998, "[-3, 0, -1]": -453.49999999999994, "[3, 2, -1]": -200.00000000000045, "[3, 3, 0]": -782.1999999999932, "[-3, 2, 0]": -749.7999999999975, "[-2, 0, -2]": -133.6999999999995, "[-3, -1, 0]": -346.10000000000025, "[-3, 1, 0]": -836.099999999997, "[-2, 1, 1]": -210.4999999999996, "[-2, 1, 0]": -1709.3999999999926, "[-2, 0, -1]": -816.500000000019, "[-2, 2, 0]": -1183.399999999992, "[-3, 1, 1]": -89.79999999999995, "[-2, 0, 1]": -143.89999999999893, "[-1, 2, 0]": -674.5000000000266, "[-2, 0, -3]": -24.900000000000002, "[-1, 0, -2]": -165.09999999999758, "[1, 0, 2]": 103.69999999999993, "[1, 1, 2]": 41.80000000000006, "[1, -1, 1]": 529.8000000000048, "[2, 0, 1]": 564.7000000000152, "[2, -1, -1]": 35.000000000000036, "[3, -2, -1]": -137.09999999999974, "[2, 1, -1]": -187.40000000000083, "[1, 0, -2]": 3.7, "[2, 0, -1]": -164.00000000000108, "[2, -1, 2]": 122.70000000000003, "[3, 1, -2]": -247.2000000000009, "[3, -3, 1]": 146.30000000000013, "[3, -3, -1]": 40.599999999999994, "[3, -4, 0]": 152.2000000000001, "[3, -4, 2]": 51.8, "[1, 0, 3]": 14.899999999999995, "[-1, 0, 2]": 309.20000000000016, "[2, 1, 2]": 21.899999999999984, "[1, 0, -1]": -12.300000000000207, "[1, -2, -1]": 72.10000000000005, "[-1, -1, -2]": -14.999999999999982, "[-1, -1, 2]": 18.000000000000007, "[-2, 2, -2]": -121.10000000000002, "[-3, 2, -2]": -114.6, "[-2, 1, 2]": -7.500000000000001, "[-1, -2, 2]": 50.99999999999997, "[-2, -2, -1]": -164.99999999999974, "[-1, 2, -1]": -226.9000000000002, "[-1, 3, 0]": -70.70000000000013, "[-1, 4, 1]": -2.7000000000000006, "[-1, 4, -1]": -6.700000000000001, "[-1, 3, -1]": -31.999999999999996, "[2, -2, 2]": 202.10000000000002, "[2, -3, 1]": 30.900000000000006, "[1, -1, -2]": -1.8, "[-1, 2, -2]": -163.9000000000001, "[2, 2, 0]": -132.40000000000066, "[2, -2, 0]": 182.20000000000005, "[3, -3, 0]": 275.60000000000036, "[2, 3, -2]": -13.900000000000002, "[3, 3, -2]": -63.3, "[3, 2, -2]": -102.09999999999992, "[3, -1, -3]": -23.40000000000001, "[3, 0, -3]": -43.49999999999994, "[3, 0, -2]": -230.2000000000005, "[-3, 2, -1]": -192.00000000000006, "[-2, -2, 2]": -6.900000000000001, "[-2, -2, 1]": -24.499999999999993, "[-1, -3, 2]": 0.19999999999999973, "[-2, 2, -1]": -150.89999999999836, "[-3, 3, 0]": -443.50000000000017, "[-1, 1, 3]": -1.7000000000000002, "[-1, 0, 3]": 26.7, "[2, -3, 0]": 68.29999999999995, "[-1, 4, 0]": -4.299999999999999, "[-3, -2, 0]": -108.7, "[-2, 3, 0]": -569.5000000000169, "[3, -1, 2]": 330.8000000000005, "[3, -3, 2]": 92.20000000000002, "[-2, 3, -2]": -26.199999999999996, "[1, -1, 2]": 383.80000000000075, "[3, -1, -2]": -59.49999999999997, "[-1, 3, 1]": 4.999999999999982, "[-1, -3, 0]": -6.100000000000001, "[2, -2, 1]": 146.89999999999992, "[1, -2, 0]": 347.20000000000067, "[2, 2, -2]": -49.799999999999955, "[2, 2, -1]": -54.799999999999955, "[3, -3, 3]": 2.5, "[-2, 2, 1]": -79.80000000000001, "[-3, 3, -3]": -1.4, "[-3, 3, -2]": -31.100000000000005, "[-3, 3, -1]": -82.49999999999999, "[-2, 3, 1]": -16.799999999999997, "[1, 1, -1]": -156.40000000000072, "[1, -1, -1]": 441.40000000000003, "[-1, -2, 1]": 30.400000000000002, "[1, 2, 1]": 2.6000000000000543, "[-1, 1, 2]": 9.799999999999997, "[1, -2, 2]": 73.20000000000005, "[1, -3, 0]": 51.600000000000065, "[1, 3, 0]": -17.600000000000005, "[3, 3, 1]": 32.60000000000002, "[1, 2, 0]": 48.300000000000246, "[1, 3, 1]": -3.699999999999995, "[-1, -3, -1]": -15.200000000000003, "[-3, -2, -1]": -130.4999999999999, "[-2, -2, 0]": -145.9999999999988, "[-1, 0, -3]": -23.799999999999997, "[3, 1, 3]": 12.800000000000004, "[1, -2, 1]": 100.29999999999997, "[1, -3, 2]": 20.2, "[2, -3, 2]": 25.500000000000004, "[-3, -1, -1]": -321.2000000000004, "[-3, -1, 2]": -10.999999999999996, "[-2, 3, -1]": -44.89999999999998, "[1, 2, -1]": -34.899999999999935, "[-3, -1, 1]": -77.69999999999999, "[2, 2, 3]": 3.1000000000000005, "[1, -2, -3]": -0.2, "[2, -1, -2]": -20.70000000000001, "[2, -3, -1]": 20.599999999999998, "[2, -2, -1]": 26.999999999999993, "[-2, -3, 0]": -37.800000000000026, "[2, 3, 1]": 7.800000000000001, "[-1, -3, 1]": 11.400000000000006, "[-1, -4, 1]": 10.5, "[-1, -4, 0]": 1.2, "[3, 3, -1]": -51.69999999999999, "[3, 4, -2]": -12.100000000000001, "[3, 4, -1]": -22.0, "[3, 4, 0]": -241.80000000000047, "[1, -4, 2]": 7.300000000000001, "[2, -2, 3]": 5.200000000000001, "[2, -1, 3]": 67.3, "[-1, 4, -2]": -9.8, "[-1, 2, -3]": -12.300000000000004, "[2, 0, -3]": -4.6, "[2, 1, -3]": -9.200000000000003, "[2, 2, -3]": 2.3, "[2, 1, -2]": -55.399999999999864, "[-3, 5, 0]": -206.0, "[1, -3, -1]": 4.500000000000001, "[3, -4, 1]": 42.8, "[-1, 1, -3]": -35.20000000000002, "[-2, 2, -3]": -8.899999999999999, "[-1, 2, 2]": 18.499999999999996, "[1, 2, 3]": 0.7, "[-1, -2, -3]": -1.5999999999999999, "[3, 0, 3]": 72.09999999999992, "[1, 1, -2]": -47.19999999999993, "[-1, 3, -2]": -27.2, "[-3, 4, 0]": -247.50000000000023, "[2, 1, 3]": 16.900000000000002, "[3, 1, 2]": 126.69999999999993, "[-2, -1, -3]": -15.000000000000004, "[-3, 1, -3]": -26.100000000000005, "[-3, -1, -2]": -50.000000000000014, "[-3, -3, 2]": -7.7, "[-1, -2, -2]": -11.7, "[-3, -3, 0]": -14.599999999999998, "[-2, -3, 1]": 0.40000000000000163, "[-2, -3, 2]": -0.8999999999999999, "[-3, 0, -3]": -27.500000000000004, "[-3, 2, 1]": -75.69999999999996, "[-3, 4, 1]": -19.700000000000003, "[-2, 1, -3]": -29.8, "[1, 3, -1]": -14.7, "[2, 3, -1]": -20.300000000000004, "[2, 3, 0]": -66.09999999999995, "[1, -2, -2]": 3.5, "[3, -2, -2]": -11.7, "[2, 0, -2]": -27.800000000000008, "[2, 4, 0]": -4.8999999999999995, "[-2, -1, -4]": -12.3, "[-1, -4, 2]": 1.6, "[2, -3, 3]": 3.5, "[-3, 0, 2]": -8.2, "[1, -4, -1]": -0.8000000000000003, "[-3, 4, -2]": -31.6, "[-3, 3, 1]": -40.0, "[1, 2, -2]": -21.200000000000003, "[-2, 0, 2]": -20.49999999999999, "[-2, 4, 1]": 2.099999999999998, "[2, -4, -1]": 5.699999999999999, "[-2, 4, -2]": -5.4, "[2, -4, 2]": 3.0, "[3, 4, 1]": 3.7, "[-2, -3, -2]": -4.200000000000001, "[-2, -1, -2]": -57.39999999999999, "[-3, -2, 1]": -24.999999999999996, "[3, -1, 3]": 40.29999999999998, "[3, 1, -3]": -27.4, "[-2, 4, 0]": -222.60000000000008, "[-1, 2, 3]": -0.39999999999999997, "[1, 2, 2]": 8.899999999999999, "[3, -2, -3]": -5.0, "[3, -3, -2]": -1, "[1, -1, -4]": -1.7, "[1, -1, -3]": -11.600000000000001, "[1, -1, 3]": 9.299999999999995, "[2, -2, -2]": -1.2999999999999998, "[2, -3, -2]": 0,