{"[-1, -1, 0]": 166.39999999999844, "[1, 0, 1]": 1499.599999999954, "[1, 1, 1]": 147.89999999999907, "[1, 1, 0]": -81.69999999999976, "[1, 0, 0]": 868.0999999999748, "[-1, -1, -1]": -288.50000000000176, "[-1, -2, 0]": 400.9000000000041, "[-1, -2, -1]": -113.59999999999972, "[-1, 2, 1]": 163.8000000000005, "[-1, 1, -1]": -537.200000000008, "[-1, 1, 0]": -1239.8999999999667, "[-1, 0, -1]": -859.0999999999783, "[-2, 0, 0]": -1269.3999999999623, "[-2, -1, 0]": -566.4000000000098, "[-1, 1, 1]": -91.10000000000001, "[-1, 0, 0]": -980.1999999999778, "[-1, 0, 1]": 1022.5999999999683, "[-1, 1, -2]": -154.70000000000002, "[-2, -1, -1]": -325.7000000000013, "[-1, -1, 1]": 83.89999999999992, "[2, 1, 0]": -236.60000000000088, "[1, -1, 0]": 2252.2999999998324, "[2, 0, 0]": -27.499999999999883, "[2, 1, 1]": 48.10000000000002, "[2, 2, 1]": 10.999999999999991, "[3, 2, 0]": -1968.7999999999777, "[3, 1, 1]": 600.0999999999967, "[2, -1, 0]": 460.80000000000155, "[3, -2, 0]": 433.80000000000007, "[3, -1, 1]": 825.899999999998, "[3, -1, 0]": 60.90000000000052, "[3, 0, 1]": 1073.3999999999917, "[3, 0, 0]": -1452.5999999999708, "[3, 1, 0]": -2590.9000000001606, "[3, -1, -1]": -438.9000000000017, "[3, 0, -1]": -1053.6999999999791, "[3, 2, 1]": 217.00000000000023, "[3, 0, 2]": 175.70000000000044, "[3, 1, -1]": -479.80000000000126, "[2, -1, 1]": 231.90000000000038, "[2, 0, 2]": 50.399999999999935, "[3, -2, 2]": 165.3000000000004, "[3, -2, 1]": 385.70000000000044, "[-2, 1, -1]": -536.2000000000107, "[-2, 1, -2]": -173.29999999999984, "[-3, 0, -2]": -87.4999999999999, "[-3, 1, -1]": -349.5000000000014, "[-2, -1, 1]": -103.29999999999997, "[-3, 1, -2]": -130.89999999999964, "[-3, 0, 0]": -655.0999999999916, "[-3, 0, 1]": -97.09999999999995, "[-3, 0, -1]": -415.7000000000021, "[3, 2, -1]": -198.40000000000055, "[3, 3, 0]": -775.7999999999918, "[-3, 2, 0]": -697.5999999999856, "[-2, 0, -2]": -122.69999999999975, "[-3, -1, 0]": -334.3000000000009, "[-3, 1, 0]": -783.8999999999851, "[-2, 1, 1]": -187.10000000000093, "[-2, 1, 0]": -1530.999999999952, "[-2, 0, -1]": -724.8999999999982, "[-2, 2, 0]": -1078.7999999999681, "[-3, 1, 1]": -86.79999999999991, "[-2, 0, 1]": -125.6999999999998, "[-1, 2, 0]": -612.3000000000125, "[-2, 0, -3]": -23.300000000000008, "[-1, 0, -2]": -144.89999999999873, "[1, 0, 2]": 97.09999999999984, "[1, 1, 2]": 38.00000000000001, "[1, -1, 1]": 489.80000000000206, "[2, 0, 1]": 524.500000000006, "[2, -1, -1]": 30.4, "[3, -2, -1]": -133.69999999999993, "[2, 1, -1]": -188.40000000000077, "[1, 0, -2]": 4.300000000000001, "[2, 0, -1]": -167.60000000000088, "[2, -1, 2]": 113.4999999999999, "[3, 1, -2]": -245.400000000001, "[3, -3, 1]": 145.30000000000018, "[3, -3, -1]": 40.8, "[3, -4, 0]": 152.0000000000001, "[3, -4, 2]": 52.0, "[1, 0, 3]": 13.5, "[-1, 0, 2]": 283.6000000000016, "[2, 1, 2]": 19.499999999999993, "[1, 0, -1]": -26.300000000000157, "[1, -2, -1]": 67.49999999999999, "[-1, -1, -2]": -11.599999999999994, "[-1, -1, 2]": 18.800000000000004, "[-2, 2, -2]": -112.6999999999999, "[-3, 2, -2]": -104.39999999999985, "[-2, 1, 2]": -7.1000000000000005, "[-1, -2, 2]": 51.59999999999998, "[-2, -2, -1]": -153.80000000000038, "[-1, 2, -1]": -218.90000000000066, "[-1, 3, 0]": -62.700000000000024, "[-1, 4, 1]": -2.900000000000001, "[-1, 4, -1]": -6.700000000000001, "[-1, 3, -1]": -32.4, "[2, -2, 2]": 190.90000000000066, "[2, -3, 1]": 29.90000000000001, "[1, -1, -2]": -3.000000000000001, "[-1, 2, -2]": -159.10000000000036, "[2, 2, 0]": -135.2000000000005, "[2, -2, 0]": 170.00000000000074, "[3, -3, 0]": 274.8000000000004, "[2, 3, -2]": -13.900000000000002, "[3, 3, -2]": -62.69999999999999, "[3, 2, -2]": -100.2999999999999, "[3, -1, -3]": -23.20000000000001, "[3, 0, -3]": -41.69999999999992, "[3, 0, -2]": -227.20000000000067, "[-3, 2, -1]": -183.60000000000053, "[-2, -2, 2]": -6.300000000000001, "[-2, -2, 1]": -21.700000000000003, "[-1, -3, 2]": -2.7755575615628914e-16, "[-2, 2, -1]": -136.89999999999915, "[-3, 3, 0]": -418.1000000000016, "[-1, 1, 3]": -2.1, "[-1, 0, 3]": 25.900000000000002, "[2, -3, 0]": 64.0999999999999, "[-1, 4, 0]": -4.499999999999999, "[-3, -2, 0]": -105.29999999999995, "[-2, 3, 0]": -527.5000000000074, "[3, -1, 2]": 326.0000000000008, "[3, -3, 2]": 91.80000000000001, "[-2, 3, -2]": -24.8, "[1, -1, 2]": 347.00000000000284, "[3, -1, -2]": -59.099999999999966, "[-1, 3, 1]": 6.599999999999984, "[-1, -3, 0]": -4.5, "[2, -2, 1]": 142.70000000000016, "[1, -2, 0]": 325.4000000000019, "[2, 2, -2]": -50.79999999999997, "[2, 2, -1]": -55.79999999999997, "[3, -3, 3]": 2.3, "[-2, 2, 1]": -70.99999999999989, "[-3, 3, -3]": -1.2, "[-3, 3, -2]": -29.30000000000001, "[-3, 3, -1]": -80.29999999999995, "[-2, 3, 1]": -14.400000000000006, "[1, 1, -1]": -161.00000000000045, "[1, -1, -1]": 401.2000000000023, "[-1, -2, 1]": 29.000000000000007, "[1, 2, 1]": -4.799999999999948, "[-1, 1, 2]": 8.400000000000002, "[1, -2, 2]": 70.2, "[1, -3, 0]": 45.59999999999998, "[1, 3, 0]": -19.599999999999998, "[3, 3, 1]": 32.000000000000014, "[1, 2, 0]": 34.50000000000005, "[1, 3, 1]": -4.899999999999996, "[-1, -3, -1]": -14.600000000000005, "[-3, -2, -1]": -126.50000000000001, "[-2, -2, 0]": -136.59999999999934, "[-1, 0, -3]": -22.8, "[3, 1, 3]": 12.800000000000004, "[1, -2, 1]": 96.49999999999991, "[1, -3, 2]": 19.400000000000002, "[2, -3, 2]": 24.300000000000008, "[-3, -1, -1]": -309.20000000000107, "[-3, -1, 2]": -10.2, "[-2, 3, -1]": -43.49999999999996, "[1, 2, -1]": -38.69999999999999, "[-3, -1, 1]": -75.49999999999996, "[2, 2, 3]": 2.7, "[1, -2, -3]": -0.2, "[2, -1, -2]": -21.10000000000001, "[2, -3, -1]": 18.400000000000006, "[2, -2, -1]": 24.6, "[-2, -3, 0]": -34.999999999999986, "[2, 3, 1]": 7.4, "[-1, -3, 1]": 13.799999999999997, "[-1, -4, 1]": 10.7, "[-1, -4, 0]": 2.6, "[3, 3, -1]": -50.89999999999998, "[3, 4, -2]": -12.3, "[3, 4, -1]": -21.8, "[3, 4, 0]": -240.20000000000056, "[1, -4, 2]": 7.1000000000000005, "[2, -2, 3]": 4.2, "[2, -1, 3]": 62.899999999999935, "[-1, 4, -2]": -9.600000000000001, "[-1, 2, -3]": -12.100000000000005, "[2, 0, -3]": -4.6, "[2, 1, -3]": -9.200000000000003, "[2, 2, -3]": 2.3, "[2, 1, -2]": -56.999999999999886, "[-3, 5, 0]": -204.80000000000007, "[1, -3, -1]": 4.1000000000000005, "[3, -4, 1]": 42.599999999999994, "[-1, 1, -3]": -34.2, "[-2, 2, -3]": -7.300000000000001, "[-1, 2, 2]": 18.299999999999997, "[1, 2, 3]": 0.7, "[-1, -2, -3]": -1.0, "[3, 0, 3]": 70.0999999999999, "[1, 1, -2]": -48.199999999999946, "[-1, 3, -2]": -27.4, "[-3, 4, 0]": -243.10000000000048, "[2, 1, 3]": 16.300000000000004, "[3, 1, 2]": 125.69999999999992, "[-2, -1, -3]": -12.800000000000011, "[-3, 1, -3]": -22.900000000000016, "[-3, -1, -2]": -48.599999999999994, "[-3, -3, 2]": -7.7, "[-1, -2, -2]": -11.5, "[-3, -3, 0]": -13.8, "[-2, -3, 1]": 0.20000000000000157, "[-2, -3, 2]": -1.0999999999999999, "[-3, 0, -3]": -26.10000000000001, "[-3, 2, 1]": -74.29999999999994, "[-3, 4, 1]": -19.500000000000004, "[-2, 1, -3]": -28.600000000000005, "[1, 3, -1]": -14.899999999999999, "[2, 3, -1]": -20.300000000000004, "[2, 3, 0]": -66.09999999999995, "[1, -2, -2]": 3.5, "[3, -2, -2]": -11.5, "[2, 0, -2]": -28.000000000000007, "[2, 4, 0]": -4.8999999999999995, "[-2, -1, -4]": -11.900000000000002, "[-1, -4, 2]": 2.0, "[2, -3, 3]": 3.3, "[-3, 0, 2]": -7.199999999999999, "[1, -4, -1]": -1.8, "[-3, 4, -2]": -31.6, "[-3, 3, 1]": -39.19999999999999, "[1, 2, -2]": -21.400000000000002, "[-2, 0, 2]": -18.699999999999996, "[-2, 4, 1]": 4.7, "[2, -4, -1]": 5.499999999999999, "[-2, 4, -2]": -5.4, "[2, -4, 2]": 3.0, "[3, 4, 1]": 3.7, "[-2, -3, -2]": -3.4000000000000004, "[-2, -1, -2]": -53.99999999999994, "[-3, -2, 1]": -24.4, "[3, -1, 3]": 40.29999999999998, "[3, 1, -3]": -26.8, "[-2, 4, 0]": -213.2000000000006, "[-1, 2, 3]": -0.6, "[1, 2, 2]": 8.899999999999999, "[3, -2, -3]": -5.0, "[3, -3, -2]": -1, "[1, -1, -4]": -1.7, "[1, -1, -3]": -11.600000000000001, "[1, -1, 3]": 8.299999999999999, "[2, -2, -2]": -1.2999999999999998, "[2, -3, -2]": 0, "[-3, 1, 2]": -14.299999999999997, "[1, 3, 2]": 1.3,