{"[-1, -1, 0]": 143.29999999999995, "[1, 0, 1]": 1232.0999999999574, "[1, 1, 1]": 113.99999999999986, "[1, 1, 0]": -114.19999999999982, "[1, 0, 0]": 654.3999999999786, "[-1, -1, -1]": -240.00000000000057, "[-1, -2, 0]": 302.1000000000037, "[-1, -2, -1]": -88.29999999999991, "[-1, 2, 1]": 137.50000000000026, "[-1, 1, -1]": -488.2000000000014, "[-1, 1, 0]": -894.4999999999729, "[-1, 0, -1]": -677.9999999999841, "[-2, 0, 0]": -891.7999999999706, "[-2, -1, 0]": -467.2000000000023, "[-1, 1, 1]": -62.499999999999815, "[-1, 0, 0]": -766.0999999999788, "[-1, 0, 1]": 810.9999999999736, "[-1, 1, -2]": -127.99999999999986, "[-2, -1, -1]": -273.5000000000012, "[-1, -1, 1]": 85.69999999999986, "[2, 1, 0]": -260.20000000000095, "[1, -1, 0]": 1832.999999999945, "[2, 0, 0]": -70.2999999999998, "[2, 1, 1]": 33.000000000000085, "[2, 2, 1]": 4.400000000000002, "[3, 2, 0]": -1947.6999999999778, "[3, 1, 1]": 590.0999999999965, "[2, -1, 0]": 383.10000000000144, "[3, -2, 0]": 428.50000000000006, "[3, -1, 1]": 817.4999999999975, "[3, -1, 0]": 61.60000000000048, "[3, 0, 1]": 1050.8999999999926, "[3, 0, 0]": -1438.799999999971, "[3, 1, 0]": -2570.5000000001646, "[3, -1, -1]": -430.00000000000136, "[3, 0, -1]": -1037.1999999999794, "[3, 2, 1]": 215.20000000000027, "[3, 0, 2]": 173.40000000000043, "[3, 1, -1]": -472.2000000000014, "[2, -1, 1]": 205.8000000000004, "[2, 0, 2]": 40.599999999999966, "[3, -2, 2]": 162.00000000000034, "[3, -2, 1]": 385.2000000000005, "[-2, 1, -1]": -418.90000000000265, "[-2, 1, -2]": -125.79999999999973, "[-3, 0, -2]": -72.89999999999993, "[-3, 1, -1]": -306.70000000000135, "[-2, -1, 1]": -92.09999999999995, "[-3, 1, -2]": -108.19999999999987, "[-3, 0, 0]": -561.9999999999931, "[-3, 0, 1]": -85.59999999999994, "[-3, 0, -1]": -347.4000000000018, "[3, 2, -1]": -194.60000000000048, "[3, 3, 0]": -762.0999999999915, "[-3, 2, 0]": -595.6999999999873, "[-2, 0, -2]": -102.79999999999981, "[-3, -1, 0]": -309.4000000000009, "[-3, 1, 0]": -647.1999999999862, "[-2, 1, 1]": -145.70000000000056, "[-2, 1, 0]": -1102.7999999999643, "[-2, 0, -1]": -532.8000000000003, "[-2, 2, 0]": -842.3999999999751, "[-3, 1, 1]": -77.79999999999993, "[-2, 0, 1]": -79.79999999999984, "[-1, 2, 0]": -458.4000000000034, "[-2, 0, -3]": -22.100000000000012, "[-1, 0, -2]": -105.19999999999987, "[1, 0, 2]": 86.19999999999987, "[1, 1, 2]": 32.9, "[1, -1, 1]": 424.7000000000018, "[2, 0, 1]": 456.20000000000243, "[2, -1, -1]": 17.3, "[3, -2, -1]": -129.4999999999999, "[2, 1, -1]": -199.10000000000088, "[1, 0, -2]": 4.7, "[2, 0, -1]": -178.4000000000009, "[2, -1, 2]": 97.7999999999999, "[3, 1, -2]": -233.60000000000105, "[3, -3, 1]": 144.0000000000001, "[3, -3, -1]": 40.0, "[3, -4, 0]": 150.80000000000007, "[3, -4, 2]": 51.7, "[1, 0, 3]": 11.600000000000001, "[-1, 0, 2]": 217.90000000000163, "[2, 1, 2]": 15.0, "[1, 0, -1]": -54.10000000000001, "[1, -2, -1]": 63.99999999999994, "[-1, -1, -2]": -5.099999999999999, "[-1, -1, 2]": 17.100000000000012, "[-2, 2, -2]": -86.69999999999992, "[-3, 2, -2]": -84.1999999999999, "[-2, 1, 2]": -7.7, "[-1, -2, 2]": 46.39999999999998, "[-2, -2, -1]": -139.70000000000041, "[-1, 2, -1]": -201.20000000000107, "[-1, 3, 0]": -35.49999999999999, "[-1, 4, 1]": -1.8, "[-1, 4, -1]": -5.3, "[-1, 3, -1]": -30.400000000000006, "[2, -2, 2]": 167.60000000000048, "[2, -3, 1]": 27.900000000000002, "[1, -1, -2]": -3.200000000000001, "[-1, 2, -2]": -145.00000000000034, "[2, 2, 0]": -140.2000000000004, "[2, -2, 0]": 150.00000000000057, "[3, -3, 0]": 272.60000000000036, "[2, 3, -2]": -14.3, "[3, 3, -2]": -62.19999999999999, "[3, 2, -2]": -94.99999999999991, "[3, -1, -3]": -21.90000000000001, "[3, 0, -3]": -40.799999999999926, "[3, 0, -2]": -226.50000000000074, "[-3, 2, -1]": -170.60000000000036, "[-2, -2, 2]": -6.3, "[-2, -2, 1]": -20.6, "[-1, -3, 2]": -1.9000000000000001, "[-2, 2, -1]": -111.09999999999978, "[-3, 3, 0]": -368.90000000000117, "[-1, 1, 3]": -0.6, "[-1, 0, 3]": 21.100000000000005, "[2, -3, 0]": 57.699999999999946, "[-1, 4, 0]": -1.0, "[-3, -2, 0]": -97.49999999999993, "[-2, 3, 0]": -441.8000000000028, "[3, -1, 2]": 312.80000000000075, "[3, -3, 2]": 91.80000000000001, "[-2, 3, -2]": -19.6, "[1, -1, 2]": 279.50000000000244, "[3, -1, -2]": -57.29999999999997, "[-1, 3, 1]": 8.999999999999986, "[-1, -3, 0]": -5.300000000000002, "[2, -2, 1]": 136.20000000000016, "[1, -2, 0]": 292.2000000000014, "[2, 2, -2]": -51.29999999999997, "[2, 2, -1]": -55.19999999999996, "[3, -3, 3]": 2.3, "[-2, 2, 1]": -61.299999999999855, "[-3, 3, -3]": -1.7, "[-3, 3, -2]": -27.60000000000001, "[-3, 3, -1]": -77.99999999999997, "[-2, 3, 1]": -14.600000000000009, "[1, 1, -1]": -164.90000000000038, "[1, -1, -1]": 333.90000000000276, "[-1, -2, 1]": 24.300000000000022, "[1, 2, 1]": -19.99999999999998, "[-1, 1, 2]": 10.600000000000001, "[1, -2, 2]": 64.69999999999997, "[1, -3, 0]": 41.39999999999995, "[1, 3, 0]": -23.500000000000004, "[3, 3, 1]": 31.700000000000014, "[1, 2, 0]": 15.899999999999995, "[1, 3, 1]": -10.600000000000001, "[-1, -3, -1]": -11.200000000000006, "[-3, -2, -1]": -119.19999999999999, "[-2, -2, 0]": -121.0999999999999, "[-1, 0, -3]": -20.800000000000004, "[3, 1, 3]": 11.400000000000006, "[1, -2, 1]": 89.69999999999992, "[1, -3, 2]": 17.900000000000002, "[2, -3, 2]": 20.900000000000002, "[-3, -1, -1]": -284.4000000000009, "[-3, -1, 2]": -10.200000000000003, "[-2, 3, -1]": -39.599999999999966, "[1, 2, -1]": -40.99999999999997, "[-3, -1, 1]": -70.79999999999998, "[2, 2, 3]": 2.7, "[1, -2, -3]": 0, "[2, -1, -2]": -21.100000000000005, "[2, -3, -1]": 16.900000000000002, "[2, -2, -1]": 23.100000000000005, "[-2, -3, 0]": -31.900000000000002, "[2, 3, 1]": 6.6, "[-1, -3, 1]": 16.200000000000003, "[-1, -4, 1]": 10.600000000000001, "[-1, -4, 0]": 2.3, "[3, 3, -1]": -49.19999999999999, "[3, 4, -2]": -11.7, "[3, 4, -1]": -20.7, "[3, 4, 0]": -234.5000000000004, "[1, -4, 2]": 6, "[2, -2, 3]": 2.5999999999999996, "[2, -1, 3]": 60.29999999999991, "[-1, 4, -2]": -8.900000000000002, "[-1, 2, -3]": -11.500000000000004, "[2, 0, -3]": -4.6, "[2, 1, -3]": -9.200000000000003, "[2, 2, -3]": 2, "[2, 1, -2]": -57.1999999999999, "[-3, 5, 0]": -203.4000000000001, "[1, -3, -1]": 2.5999999999999996, "[3, -4, 1]": 42, "[-1, 1, -3]": -31.900000000000002, "[-2, 2, -3]": -5.3, "[-1, 2, 2]": 19.900000000000002, "[1, 2, 3]": 1, "[-1, -2, -3]": -2, "[3, 0, 3]": 68.59999999999991, "[1, 1, -2]": -49.29999999999994, "[-1, 3, -2]": -23.400000000000006, "[-3, 4, 0]": -229.1000000000003, "[2, 1, 3]": 15.100000000000005, "[3, 1, 2]": 123.49999999999993, "[-2, -1, -3]": -7.7, "[-3, 1, -3]": -18.600000000000016, "[-3, -1, -2]": -43.29999999999997, "[-3, -3, 2]": -7, "[-1, -2, -2]": -9.200000000000003, "[-3, -3, 0]": -13.3, "[-2, -3, 1]": 1.7000000000000017, "[-2, -3, 2]": -0.6, "[-3, 0, -3]": -21.400000000000006, "[-3, 2, 1]": -67.39999999999995, "[-3, 4, 1]": -19.200000000000003, "[-2, 1, -3]": -25.800000000000004, "[1, 3, -1]": -15.900000000000002, "[2, 3, -1]": -21.3, "[2, 3, 0]": -66.79999999999995, "[1, -2, -2]": 3.7, "[3, -2, -2]": -10.7, "[2, 0, -2]": -29.50000000000001, "[2, 4, 0]": -4.8999999999999995, "[-2, -1, -4]": -11.3, "[-1, -4, 2]": 1.6, "[2, -3, 3]": 4.3, "[-3, 0, 2]": -5.0, "[1, -4, -1]": 0.6, "[-3, 4, -2]": -31.3, "[-3, 3, 1]": -37.79999999999998, "[1, 2, -2]": -21.3, "[-2, 0, 2]": -18.20000000000001, "[-2, 4, 1]": 3.200000000000001, "[2, -4, -1]": 5.199999999999999, "[-2, 4, -2]": -5.3, "[2, -4, 2]": 3, "[3, 4, 1]": 3.7, "[-2, -3, -2]": -3.1000000000000005, "[-2, -1, -2]": -47.39999999999995, "[-3, -2, 1]": -24.4, "[3, -1, 3]": 37.79999999999998, "[3, 1, -3]": -24.6, "[-2, 4, 0]": -195.2000000000005, "[-1, 2, 3]": 0, "[1, 2, 2]": 7.3, "[3, -2, -3]": -4.6, "[3, -3, -2]": -1, "[1, -1, -4]": -2, "[1, -1, -3]": -12.3, "[1, -1, 3]": 6.6, "[2, -2, -2]": -1.7, "[2, -3, -2]": 0, "[-3, 1, 2]": -13.7, "[1, 3, 2]": 1, "[2, 3, 2]": -3.3, "[3, -2, 3]": 17.6, "[2, 2, 2]": 3.1000000000000005, "[3, 2, 2]": 9.499999999999996, "[-3, 2, -3]": -7.999999999999998, "[1, -1, 4]": -2.3, "[-3, 4, -1]": -20.4,