{"[-1, -1, 0]": 108.49999999999956, "[1, 0, 1]": 1089.299999999979, "[1, 1, 1]": 100.19999999999999, "[1, 1, 0]": -122.59999999999974, "[1, 0, 0]": 550.8999999999943, "[-1, -1, -1]": -218.69999999999976, "[-1, -2, 0]": 241.80000000000143, "[-1, -2, -1]": -76.00000000000003, "[-1, 2, 1]": 130.29999999999998, "[-1, 1, -1]": -455.50000000000017, "[-1, 1, 0]": -723.1999999999989, "[-1, 0, -1]": -602.6999999999955, "[-2, 0, 0]": -727.9999999999955, "[-2, -1, 0]": -417.70000000000044, "[-1, 1, 1]": -51.39999999999992, "[-1, 0, 0]": -632.299999999999, "[-1, 0, 1]": 720.6999999999873, "[-1, 1, -2]": -115.69999999999997, "[-2, -1, -1]": -252.5000000000004, "[-1, -1, 1]": 81.7999999999999, "[2, 1, 0]": -270.10000000000133, "[1, -1, 0]": 1643.3999999999737, "[2, 0, 0]": -84.39999999999966, "[2, 1, 1]": 27.00000000000008, "[2, 2, 1]": 4.400000000000002, "[3, 2, 0]": -1936.2999999999795, "[3, 1, 1]": 584.0999999999974, "[2, -1, 0]": 353.1000000000003, "[3, -2, 0]": 428.20000000000005, "[3, -1, 1]": 818.0999999999974, "[3, -1, 0]": 70.0000000000004, "[3, 0, 1]": 1043.6999999999937, "[3, 0, 0]": -1433.6999999999719, "[3, 1, 0]": -2568.4000000001633, "[3, -1, -1]": -422.5000000000011, "[3, 0, -1]": -1029.6999999999805, "[3, 2, 1]": 214.00000000000023, "[3, 0, 2]": 171.90000000000038, "[3, 1, -1]": -468.9000000000013, "[2, -1, 1]": 192.89999999999992, "[2, 0, 2]": 36.7, "[3, -2, 2]": 162.00000000000034, "[3, -2, 1]": 385.5000000000005, "[-2, 1, -1]": -356.5000000000003, "[-2, 1, -2]": -103.29999999999994, "[-3, 0, -2]": -67.49999999999999, "[-3, 1, -1]": -283.9000000000005, "[-2, -1, 1]": -88.49999999999999, "[-3, 1, -2]": -97.99999999999997, "[-3, 0, 0]": -513.4000000000004, "[-3, 0, 1]": -81.09999999999998, "[-3, 0, -1]": -312.30000000000047, "[3, 2, -1]": -195.80000000000052, "[3, 3, 0]": -755.1999999999925, "[-3, 2, 0]": -543.7999999999952, "[-2, 0, -2]": -90.49999999999993, "[-3, -1, 0]": -292.90000000000026, "[-3, 1, 0]": -588.0999999999951, "[-2, 1, 1]": -118.99999999999997, "[-2, 1, 0]": -911.6999999999932, "[-2, 0, -1]": -436.2000000000006, "[-2, 2, 0]": -718.7999999999938, "[-3, 1, 1]": -74.49999999999996, "[-2, 0, 1]": -63.89999999999999, "[-1, 2, 0]": -377.1000000000003, "[-2, 0, -3]": -19.100000000000005, "[-1, 0, -2]": -93.19999999999999, "[1, 0, 2]": 76.59999999999997, "[1, 1, 2]": 29.900000000000002, "[1, -1, 1]": 395.6000000000007, "[2, 0, 1]": 410.3000000000007, "[2, -1, -1]": 14.899999999999995, "[3, -2, -1]": -128.59999999999985, "[2, 1, -1]": -199.4000000000009, "[1, 0, -2]": 4.1000000000000005, "[2, 0, -1]": -182.90000000000106, "[2, -1, 2]": 88.49999999999999, "[3, 1, -2]": -227.0000000000008, "[3, -3, 1]": 143.4000000000001, "[3, -3, -1]": 39.7, "[3, -4, 0]": 150.80000000000007, "[3, -4, 2]": 51.7, "[1, 0, 3]": 11.0, "[-1, 0, 2]": 196.3000000000008, "[2, 1, 2]": 13.199999999999996, "[1, 0, -1]": -65.4999999999999, "[1, -2, -1]": 61.599999999999966, "[-1, -1, -2]": -3.8999999999999995, "[-1, -1, 2]": 13.800000000000004, "[-2, 2, -2]": -78.0, "[-3, 2, -2]": -77.89999999999996, "[-2, 1, 2]": -8.0, "[-1, -2, 2]": 44.89999999999999, "[-2, -2, -1]": -131.3000000000001, "[-1, 2, -1]": -176.0000000000001, "[-1, 3, 0]": -25.90000000000001, "[-1, 4, 1]": 0, "[-1, 4, -1]": -5.3, "[-1, 3, -1]": -27.099999999999998, "[2, -2, 2]": 158.0000000000001, "[2, -3, 1]": 26.7, "[1, -1, -2]": -3.8000000000000007, "[-1, 2, -2]": -141.4000000000002, "[2, 2, 0]": -142.60000000000048, "[2, -2, 0]": 137.10000000000008, "[3, -3, 0]": 272.00000000000034, "[2, 3, -2]": -14.3, "[3, 3, -2]": -61.89999999999999, "[3, 2, -2]": -93.49999999999993, "[3, -1, -3]": -21.60000000000001, "[3, 0, -3]": -35.699999999999974, "[3, 0, -2]": -225.3000000000007, "[-3, 2, -1]": -164.30000000000013, "[-2, -2, 2]": -4.800000000000001, "[-2, -2, 1]": -20.6, "[-1, -3, 2]": -1.3, "[-2, 2, -1]": -94.29999999999994, "[-3, 3, 0]": -353.00000000000057, "[-1, 1, 3]": -0.3, "[-1, 0, 3]": 19.3, "[2, -3, 0]": 53.19999999999999, "[-1, 4, 0]": -1.3, "[-3, -2, 0]": -92.09999999999998, "[-2, 3, 0]": -396.20000000000107, "[3, -1, 2]": 305.00000000000045, "[3, -3, 2]": 92.4, "[-2, 3, -2]": -18.099999999999998, "[1, -1, 2]": 248.30000000000126, "[3, -1, -2]": -56.39999999999998, "[-1, 3, 1]": 14.099999999999998, "[-1, -3, 0]": -5.600000000000001, "[2, -2, 1]": 132.60000000000002, "[1, -2, 0]": 267.00000000000045, "[2, 2, -2]": -51.599999999999966, "[2, 2, -1]": -55.49999999999996, "[3, -3, 3]": 2.3, "[-2, 2, 1]": -48.699999999999974, "[-3, 3, -3]": -1.7, "[-3, 3, -2]": -25.500000000000004, "[-3, 3, -1]": -77.39999999999998, "[-2, 3, 1]": -12.200000000000003, "[1, 1, -1]": -167.60000000000048, "[1, -1, -1]": 286.20000000000095, "[-1, -2, 1]": 17.400000000000006, "[1, 2, 1]": -31.400000000000006, "[-1, 1, 2]": 9.099999999999998, "[1, -2, 2]": 62.3, "[1, -3, 0]": 35.7, "[1, 3, 0]": -23.500000000000004, "[3, 3, 1]": 31.700000000000014, "[1, 2, 0]": 11.699999999999985, "[1, 3, 1]": -10.600000000000001, "[-1, -3, -1]": -8.5, "[-3, -2, -1]": -118.3, "[-2, -2, 0]": -115.39999999999995, "[-1, 0, -3]": -18.4, "[3, 1, 3]": 11.400000000000006, "[1, -2, 1]": 81.89999999999999, "[1, -3, 2]": 17.3, "[2, -3, 2]": 20, "[-3, -1, -1]": -270.30000000000035, "[-3, -1, 2]": -10.200000000000003, "[-2, 3, -1]": -36.0, "[1, 2, -1]": -43.699999999999946, "[-3, -1, 1]": -70.79999999999998, "[2, 2, 3]": 3, "[1, -2, -3]": 0, "[2, -1, -2]": -20.500000000000004, "[2, -3, -1]": 16, "[2, -2, -1]": 21.3, "[-2, -3, 0]": -32.8, "[2, 3, 1]": 7.199999999999999, "[-1, -3, 1]": 15.0, "[-1, -4, 1]": 10.3, "[-1, -4, 0]": 3.499999999999999, "[3, 3, -1]": -49.19999999999999, "[3, 4, -2]": -11.7, "[3, 4, -1]": -20.7, "[3, 4, 0]": -232.40000000000032, "[1, -4, 2]": 6, "[2, -2, 3]": 2.3, "[2, -1, 3]": 52.19999999999999, "[-1, 4, -2]": -8.3, "[-1, 2, -3]": -10.3, "[2, 0, -3]": -4.6, "[2, 1, -3]": -8.900000000000002, "[2, 2, -3]": 2, "[2, 1, -2]": -57.7999999999999, "[-3, 5, 0]": -203.10000000000008, "[1, -3, -1]": 1.9999999999999998, "[3, -4, 1]": 42, "[-1, 1, -3]": -31.3, "[-2, 2, -3]": -5.3, "[-1, 2, 2]": 19.900000000000002, "[1, 2, 3]": 1, "[-1, -2, -3]": -2, "[3, 0, 3]": 63.49999999999996, "[1, 1, -2]": -49.899999999999935, "[-1, 3, -2]": -21.900000000000002, "[-3, 4, 0]": -225.20000000000016, "[2, 1, 3]": 14.500000000000004, "[3, 1, 2]": 122.59999999999994, "[-2, -1, -3]": -7.4, "[-3, 1, -3]": -12.3, "[-3, -1, -2]": -41.499999999999986, "[-3, -3, 2]": -7, "[-1, -2, -2]": -8.900000000000002, "[-3, -3, 0]": -13, "[-2, -3, 1]": 2.9000000000000012, "[-2, -3, 2]": -0.3, "[-3, 0, -3]": -20.200000000000003, "[-3, 2, 1]": -64.69999999999997, "[-3, 4, 1]": -18.3, "[-2, 1, -3]": -25.800000000000004, "[1, 3, -1]": -16.800000000000004, "[2, 3, -1]": -21.3, "[2, 3, 0]": -66.79999999999995, "[1, -2, -2]": 4.6, "[3, -2, -2]": -10.7, "[2, 0, -2]": -29.20000000000001, "[2, 4, 0]": -4.8999999999999995, "[-2, -1, -4]": -11, "[-1, -4, 2]": 1.3, "[2, -3, 3]": 4, "[-3, 0, 2]": -5.3, "[1, -4, -1]": 0, "[-3, 4, -2]": -31.3, "[-3, 3, 1]": -37.19999999999999, "[1, 2, -2]": -21.900000000000002, "[-2, 0, 2]": -16.100000000000005, "[-2, 4, 1]": 4.4, "[2, -4, -1]": 4, "[-2, 4, -2]": -5, "[2, -4, 2]": 3, "[3, 4, 1]": 3.7, "[-2, -3, -2]": -3.4000000000000004, "[-2, -1, -2]": -44.09999999999998, "[-3, -2, 1]": -24.4, "[3, -1, 3]": 37.499999999999986, "[3, 1, -3]": -24.0, "[-2, 4, 0]": -189.50000000000028, "[-1, 2, 3]": 0, "[1, 2, 2]": 7.0, "[3, -2, -3]": -4.6, "[3, -3, -2]": -1, "[1, -1, -4]": -2, "[1, -1, -3]": -12.3, "[1, -1, 3]": 6.8999999999999995, "[2, -2, -2]": -1.7, "[2, -3, -2]": 0, "[-3, 1, 2]": -14.3, "[1, 3, 2]": 1, "[2, 3, 2]": -3.3, "[3, -2, 3]": 17.6, "[2, 2, 2]": 2.8000000000000007, "[3, 2, 2]": 9.499999999999996, "[-3, 2, -3]": -6.799999999999999, "[1, -1, 4]": -2.5999999999999996, "[-3, 4, -1]": -21, "[1, -3, 1]": 4.7, "[1, 1, 3]": 35.29999999999997, "[-1, -1, -3]": -3.8999999999999995, "[-2, -3, -1]": -24.800000000000004, "[-3, -3, -1]": -17.4, "[-3, -2, -3]": -5.499999999999999, "[3, 0, 4]": 7.099999999999999, "[-2, -2, -2]": -6.4, "[3, 0, -4]": -4.199999999999999,