{"[-1, -1, 0]": 122.00000000000054, "[1, 0, 1]": 1872.4000000000387, "[1, 1, 1]": 167.89999999999793, "[1, 1, 0]": -46.89999999999927, "[1, 0, 0]": 1180.1000000000456, "[-1, -1, -1]": -306.7000000000007, "[-1, -2, 0]": 413.9000000000034, "[-1, -2, -1]": -125.7999999999999, "[-1, 2, 1]": 170.00000000000014, "[-1, 1, -1]": -606.4000000000237, "[-1, 1, 0]": -1495.1000000000247, "[-1, 0, -1]": -979.5000000000057, "[-2, 0, 0]": -1670.0000000000534, "[-2, -1, 0]": -668.0000000000329, "[-1, 1, 1]": -120.70000000000043, "[-1, 0, 0]": -1158.0000000000182, "[-1, 0, 1]": 1186.2000000000055, "[-1, 1, -2]": -173.49999999999895, "[-2, -1, -1]": -386.09999999999786, "[-1, -1, 1]": 86.09999999999995, "[2, 1, 0]": -218.6000000000019, "[1, -1, 0]": 2719.899999999407, "[2, 0, 0]": 12.500000000000043, "[2, 1, 1]": 62.300000000000225, "[2, 2, 1]": 16.399999999999974, "[3, 2, 0]": -1968.3999999999776, "[3, 1, 1]": 627.1000000000029, "[2, -1, 0]": 543.4000000000058, "[3, -2, 0]": 410.4000000000014, "[3, -1, 1]": 829.899999999999, "[3, -1, 0]": 22.300000000000143, "[3, 0, 1]": 1113.2000000000007, "[3, 0, 0]": -1462.199999999973, "[3, 1, 0]": -2581.1000000001695, "[3, -1, -1]": -471.29999999999984, "[3, 0, -1]": -1086.8999999999867, "[3, 2, 1]": 229.5999999999995, "[3, 0, 2]": 189.09999999999968, "[3, 1, -1]": -494.6000000000004, "[2, -1, 1]": 256.099999999999, "[2, 0, 2]": 59.600000000000065, "[3, -2, 2]": 166.50000000000034, "[3, -2, 1]": 378.70000000000084, "[-2, 1, -1]": -690.2000000000457, "[-2, 1, -2]": -242.09999999999593, "[-3, 0, -2]": -103.30000000000013, "[-3, 1, -1]": -403.0999999999984, "[-2, -1, 1]": -117.90000000000018, "[-3, 1, -2]": -168.6999999999975, "[-3, 0, 0]": -761.1000000000157, "[-3, 0, 1]": -109.30000000000013, "[-3, 0, -1]": -513.2999999999969, "[3, 2, -1]": -186.8000000000012, "[3, 3, 0]": -753.9999999999868, "[-3, 2, 0]": -728.1999999999925, "[-2, 0, -2]": -142.09999999999903, "[-3, -1, 0]": -364.6999999999992, "[-3, 1, 0]": -910.5000000000139, "[-2, 1, 1]": -271.8999999999961, "[-2, 1, 0]": -1913.0000000000389, "[-2, 0, -1]": -956.5000000000508, "[-2, 2, 0]": -1198.9999999999955, "[-3, 1, 1]": -101.20000000000012, "[-2, 0, 1]": -208.09999999999528, "[-1, 2, 0]": -692.5000000000307, "[-2, 0, -3]": -25.7, "[-1, 0, -2]": -180.29999999999671, "[1, 0, 2]": 110.10000000000002, "[1, 1, 2]": 43.60000000000009, "[1, -1, 1]": 589.0000000000183, "[2, 0, 1]": 637.9000000000318, "[2, -1, -1]": 42.800000000000146, "[3, -2, -1]": -150.69999999999897, "[2, 1, -1]": -183.00000000000108, "[1, 0, -2]": 12.499999999999988, "[2, 0, -1]": -161.20000000000124, "[2, -1, 2]": 135.69999999999968, "[3, 1, -2]": -260.60000000000014, "[3, -3, 1]": 129.70000000000107, "[3, -3, -1]": 36.399999999999935, "[3, -4, 0]": 113.40000000000127, "[3, -4, 2]": 49.19999999999996, "[1, 0, 3]": 16.899999999999988, "[-1, 0, 2]": 328.79999999999905, "[2, 1, 2]": 21.899999999999984, "[1, 0, -1]": 26.299999999999724, "[1, -2, -1]": 72.50000000000006, "[-1, -1, -2]": -14.599999999999984, "[-1, -1, 2]": 13.400000000000023, "[-2, 2, -2]": -126.9000000000001, "[-3, 2, -2]": -131.0, "[-2, 1, 2]": -12.499999999999986, "[-1, -2, 2]": 52.8, "[-2, -2, -1]": -171.1999999999994, "[-1, 2, -1]": -233.09999999999985, "[-1, 3, 0]": -79.10000000000025, "[-1, 4, 1]": -2.5000000000000004, "[-1, 4, -1]": -5.9, "[-1, 3, -1]": -33.600000000000016, "[2, -2, 2]": 221.29999999999893, "[2, -3, 1]": 4.900000000000084, "[1, -1, -2]": 1.5999999999999996, "[-1, 2, -2]": -168.49999999999983, "[2, 2, 0]": -130.20000000000078, "[2, -2, 0]": 129.60000000000304, "[3, -3, 0]": 246.40000000000202, "[2, 3, -2]": -13.700000000000003, "[3, 3, -2]": -59.89999999999995, "[3, 2, -2]": -103.69999999999995, "[3, -1, -3]": -23.20000000000001, "[3, 0, -3]": -46.09999999999998, "[3, 0, -2]": -242.79999999999978, "[-3, 2, -1]": -182.2000000000006, "[-2, -2, 2]": -7.700000000000002, "[-2, -2, 1]": -28.09999999999998, "[-1, -3, 2]": -1.2000000000000002, "[-2, 2, -1]": -159.49999999999787, "[-3, 3, 0]": -362.3000000000048, "[-1, 1, 3]": -1.3000000000000003, "[-1, 0, 3]": 28.499999999999993, "[2, -3, 0]": -27.700000000000415, "[-1, 4, 0]": -3.8999999999999986, "[-3, -2, 0]": -113.30000000000007, "[-2, 3, 0]": -528.5000000000076, "[3, -1, 2]": 349.59999999999945, "[3, -3, 2]": 87.39999999999995, "[-2, 3, -2]": -27.199999999999992, "[1, -1, 2]": 436.39999999999776, "[3, -1, -2]": -60.499999999999986, "[-1, 3, 1]": -1.00000000000002, "[-1, -3, 0]": -14.49999999999998, "[2, -2, 1]": 135.30000000000058, "[1, -2, 0]": 291.60000000000383, "[2, 2, -2]": -48.79999999999994, "[2, 2, -1]": -54.799999999999955, "[3, -3, 3]": 2.5, "[-2, 2, 1]": -94.40000000000022, "[-3, 3, -3]": -1.7999999999999998, "[-3, 3, -2]": -30.300000000000008, "[-3, 3, -1]": -59.49999999999966, "[-2, 3, 1]": -18.199999999999992, "[1, 1, -1]": -153.4000000000009, "[1, -1, -1]": 546.6000000000039, "[-1, -2, 1]": 24.000000000000025, "[1, 2, 1]": 4.400000000000055, "[-1, 1, 2]": 6.8000000000000025, "[1, -2, 2]": 74.20000000000006, "[1, -3, 0]": -16.000000000000107, "[1, 3, 0]": -16.40000000000001, "[3, 3, 1]": 34.60000000000005, "[1, 2, 0]": 74.90000000000062, "[1, 3, 1]": -2.499999999999994, "[-1, -3, -1]": -15.000000000000004, "[-3, -2, -1]": -131.8999999999998, "[-2, -2, 0]": -159.39999999999804, "[-1, 0, -3]": -26.599999999999987, "[3, 1, 3]": 13.000000000000004, "[1, -2, 1]": 97.49999999999993, "[1, -3, 2]": 19.8, "[2, -3, 2]": 24.900000000000006, "[-3, -1, -1]": -333.99999999999966, "[-3, -1, 2]": -11.399999999999995, "[-2, 3, -1]": -43.69999999999996, "[1, 2, -1]": -28.499999999999908, "[-3, -1, 1]": -81.70000000000005, "[2, 2, 3]": 3.3000000000000007, "[1, -2, -3]": -0.2, "[2, -1, -2]": -22.100000000000005, "[2, -3, -1]": 20.999999999999996, "[2, -2, -1]": 26.399999999999995, "[-2, -3, 0]": -38.80000000000004, "[2, 3, 1]": 7.8, "[-1, -3, 1]": 10.600000000000009, "[-1, -4, 1]": 9.700000000000003, "[-1, -4, 0]": 0.8, "[3, 3, -1]": -31.299999999999713, "[3, 4, -2]": -8.900000000000013, "[3, 4, -1]": -6.6000000000000485, "[3, 4, 0]": -196.40000000000305, "[1, -4, 2]": 7.300000000000001, "[2, -2, 3]": 6.200000000000002, "[2, -1, 3]": 77.30000000000014, "[-1, 4, -2]": -10.2, "[-1, 2, -3]": -12.900000000000002, "[2, 0, -3]": -5.0, "[2, 1, -3]": -8.800000000000004, "[2, 2, -3]": 2.3, "[2, 1, -2]": -55.79999999999987, "[-3, 5, 0]": -187.40000000000106, "[1, -3, -1]": 3.7, "[3, -4, 1]": 28.39999999999986, "[-1, 1, -3]": -34.60000000000001, "[-2, 2, -3]": -9.699999999999996, "[-1, 2, 2]": 16.900000000000002, "[1, 2, 3]": 0.7, "[-1, -2, -3]": -1.4, "[3, 0, 3]": 77.1, "[1, 1, -2]": -46.59999999999992, "[-1, 3, -2]": -27.799999999999997, "[-3, 4, 0]": -181.50000000000398, "[2, 1, 3]": 16.700000000000003, "[3, 1, 2]": 128.29999999999993, "[-2, -1, -3]": -16.799999999999997, "[-3, 1, -3]": -32.09999999999999, "[-3, -1, -2]": -50.40000000000002, "[-3, -3, 2]": -7.7, "[-1, -2, -2]": -12.899999999999995, "[-3, -3, 0]": -14.399999999999999, "[-2, -3, 1]": -0.5999999999999984, "[-2, -3, 2]": -0.7, "[-3, 0, -3]": -31.29999999999999, "[-3, 2, 1]": -81.70000000000005, "[-3, 4, 1]": -20.1, "[-2, 1, -3]": -31.599999999999994, "[1, 3, -1]": -14.3, "[2, 3, -1]": -20.500000000000004, "[2, 3, 0]": -65.29999999999994, "[1, -2, -2]": 4.500000000000001, "[3, -2, -2]": -11.899999999999999, "[2, 0, -2]": -27.60000000000001, "[2, 4, 0]": -4.699999999999999, "[-2, -1, -4]": -12.3, "[-1, -4, 2]": 1.4000000000000001, "[2, -3, 3]": 4.300000000000001, "[-3, 0, 2]": -8.599999999999998, "[1, -4, -1]": -0.4000000000000003, "[-3, 4, -2]": -28.600000000000012, "[-3, 3, 1]": -40.60000000000001, "[1, 2, -2]": -18.000000000000014, "[-2, 0, 2]": -29.09999999999996, "[-2, 4, 1]": 2.8999999999999986, "[2, -4, -1]": 4.499999999999998, "[-2, 4, -2]": -5.0, "[2, -4, 2]": -1.0000000000000004, "[3, 4, 1]": 4.1000000000000005, "[-2, -3, -2]": -4.200000000000001, "[-2, -1, -2]": -60.00000000000003, "[-3, -2, 1]": -25.799999999999994, "[3, -1, 3]": 41.3, "[3, 1, -3]": -29.79999999999999, "[-2, 4, 0]": -206.200000000001,