{"[-1, -1, 0]": 133.20000000000033, "[1, 0, 1]": 2172.999999999965, "[1, 1, 1]": 181.49999999999716, "[1, 1, 0]": -19.6999999999991, "[1, 0, 0]": 1425.1000000001013, "[-1, -1, -1]": -313.9000000000003, "[-1, -2, 0]": 470.70000000000016, "[-1, -2, -1]": -105.1999999999996, "[-1, 2, 1]": 165.4000000000004, "[-1, 1, -1]": -659.4000000000358, "[-1, 1, 0]": -1716.700000000075, "[-1, 0, -1]": -1099.300000000033, "[-2, 0, 0]": -2017.4000000001324, "[-2, -1, 0]": -759.4000000000536, "[-1, 1, 1]": -147.8999999999994, "[-1, 0, 0]": -1301.0000000000507, "[-1, 0, 1]": 1345.0000000000416, "[-1, 1, -2]": -195.89999999999768, "[-2, -1, -1]": -431.69999999999527, "[-1, -1, 1]": 99.30000000000014, "[2, 1, 0]": -204.80000000000268, "[1, -1, 0]": 3136.699999999028, "[2, 0, 0]": 57.70000000000034, "[2, 1, 1]": 75.1000000000004, "[2, 2, 1]": 19.399999999999963, "[3, 2, 0]": -1982.5999999999808, "[3, 1, 1]": 635.5000000000048, "[2, -1, 0]": 618.6000000000229, "[3, -2, 0]": 402.40000000000185, "[3, -1, 1]": 837.7000000000007, "[3, -1, 0]": 24.100000000000136, "[3, 0, 1]": 1149.200000000009, "[3, 0, 0]": -1479.799999999977, "[3, 1, 0]": -2604.5000000001482, "[3, -1, -1]": -486.099999999999, "[3, 0, -1]": -1116.6999999999935, "[3, 2, 1]": 232.59999999999934, "[3, 0, 2]": 194.69999999999936, "[3, 1, -1]": -506.9999999999997, "[2, -1, 1]": 273.299999999998, "[2, 0, 2]": 70.40000000000022, "[3, -2, 2]": 168.10000000000025, "[3, -2, 1]": 380.30000000000075, "[-2, 1, -1]": -820.4000000000754, "[-2, 1, -2]": -299.49999999999267, "[-3, 0, -2]": -116.90000000000032, "[-3, 1, -1]": -464.89999999999486, "[-2, -1, 1]": -132.30000000000007, "[-3, 1, -2]": -209.49999999999517, "[-3, 0, 0]": -862.9000000000389, "[-3, 0, 1]": -117.70000000000024, "[-3, 0, -1]": -592.3000000000148, "[3, 2, -1]": -187.60000000000116, "[3, 3, 0]": -762.5999999999888, "[-3, 2, 0]": -786.4000000000058, "[-2, 0, -2]": -157.09999999999818, "[-3, -1, 0]": -393.29999999999757, "[-3, 1, 0]": -1022.7000000000394, "[-2, 1, 1]": -350.29999999999166, "[-2, 1, 0]": -2252.199999999884, "[-2, 0, -1]": -1145.7000000000937, "[-2, 2, 0]": -1338.000000000027, "[-3, 1, 1]": -109.80000000000024, "[-2, 0, 1]": -279.29999999999126, "[-1, 2, 0]": -789.7000000000528, "[-2, 0, -3]": -30.299999999999983, "[-1, 0, -2]": -210.699999999995, "[1, 0, 2]": 119.30000000000015, "[1, 1, 2]": 50.600000000000186, "[1, -1, 1]": 667.6000000000362, "[2, 0, 1]": 748.700000000057, "[2, -1, -1]": 54.20000000000031, "[3, -2, -1]": -154.69999999999874, "[2, 1, -1]": -179.40000000000128, "[1, 0, -2]": 16.299999999999976, "[2, 0, -1]": -154.60000000000161, "[2, -1, 2]": 158.49999999999838, "[3, 1, -2]": -269.19999999999965, "[3, -3, 1]": 130.10000000000105, "[3, -3, -1]": 37.59999999999995, "[3, -4, 0]": 111.60000000000124, "[3, -4, 2]": 49.79999999999997, "[1, 0, 3]": 19.29999999999998, "[-1, 0, 2]": 377.99999999999625, "[2, 1, 2]": 22.89999999999998, "[1, 0, -1]": 89.50000000000051, "[1, -2, -1]": 77.30000000000013, "[-1, -1, -2]": -15.59999999999998, "[-1, -1, 2]": 14.20000000000002, "[-2, 2, -2]": -142.0999999999993, "[-3, 2, -2]": -152.59999999999877, "[-2, 1, 2]": -16.69999999999997, "[-1, -2, 2]": 64.20000000000016, "[-2, -2, -1]": -178.199999999999, "[-1, 2, -1]": -264.2999999999981, "[-1, 3, 0]": -87.30000000000037, "[-1, 4, 1]": -2.3000000000000003, "[-1, 4, -1]": -6.1000000000000005, "[-1, 3, -1]": -37.20000000000007, "[2, -2, 2]": 253.09999999999712, "[2, -3, 1]": 0.9000000000000816, "[1, -1, -2]": 5.400000000000002, "[-1, 2, -2]": -180.29999999999916, "[2, 2, 0]": -127.4000000000009, "[2, -2, 0]": 128.80000000000308, "[3, -3, 0]": 244.60000000000213, "[2, 3, -2]": -13.700000000000003, "[3, 3, -2]": -61.89999999999998, "[3, 2, -2]": -107.7, "[3, -1, -3]": -24.600000000000005, "[3, 0, -3]": -51.90000000000006, "[3, 0, -2]": -249.19999999999942, "[-3, 2, -1]": -192.20000000000005, "[-2, -2, 2]": -8.3, "[-2, -2, 1]": -33.29999999999998, "[-1, -3, 2]": -1.2000000000000002, "[-2, 2, -1]": -181.8999999999966, "[-3, 3, 0]": -382.7000000000036, "[-1, 1, 3]": -2.3000000000000003, "[-1, 0, 3]": 29.49999999999999, "[2, -3, 0]": -32.500000000000405, "[-1, 4, 0]": -5.7, "[-3, -2, 0]": -117.10000000000012, "[-2, 3, 0]": -555.9000000000138, "[3, -1, 2]": 363.59999999999866, "[3, -3, 2]": 87.99999999999996, "[-2, 3, -2]": -27.99999999999999, "[1, -1, 2]": 513.1999999999937, "[3, -1, -2]": -63.10000000000002, "[-1, 3, 1]": 0.19999999999998008, "[-1, -3, 0]": -19.699999999999964, "[2, -2, 1]": 139.10000000000036, "[1, -2, 0]": 304.0000000000031, "[2, 2, -2]": -46.59999999999991, "[2, 2, -1]": -52.99999999999993, "[3, -3, 3]": 2.5, "[-2, 2, 1]": -113.60000000000049, "[-3, 3, -3]": -1.7999999999999998, "[-3, 3, -2]": -29.50000000000001, "[-3, 3, -1]": -58.09999999999964, "[-2, 3, 1]": -19.19999999999999, "[1, 1, -1]": -151.80000000000098, "[1, -1, -1]": 666.2000000000311, "[-1, -2, 1]": 27.400000000000013, "[1, 2, 1]": 7.600000000000058, "[-1, 1, 2]": 6.200000000000002, "[1, -2, 2]": 73.60000000000005, "[1, -3, 0]": -26.60000000000007, "[1, 3, 0]": -17.400000000000006, "[3, 3, 1]": 34.40000000000005, "[1, 2, 0]": 100.90000000000099, "[1, 3, 1]": -0.6999999999999937, "[-1, -3, -1]": -18.99999999999999, "[-3, -2, -1]": -136.69999999999953, "[-2, -2, 0]": -178.39999999999696, "[-1, 0, -3]": -29.199999999999978, "[3, 1, 3]": 13.600000000000001, "[1, -2, 1]": 100.49999999999997, "[1, -3, 2]": 20.599999999999998, "[2, -3, 2]": 22.500000000000014, "[-3, -1, -1]": -356.3999999999984, "[-3, -1, 2]": -11.799999999999994, "[-2, 3, -1]": -43.89999999999996, "[1, 2, -1]": -22.29999999999993, "[-3, -1, 1]": -88.50000000000014, "[2, 2, 3]": 3.700000000000001, "[1, -2, -3]": -0.2, "[2, -1, -2]": -21.500000000000007, "[2, -3, -1]": 21.599999999999994, "[2, -2, -1]": 27.99999999999999, "[-2, -3, 0]": -39.40000000000005, "[2, 3, 1]": 7.6, "[-1, -3, 1]": 11.400000000000006, "[-1, -4, 1]": 9.900000000000002, "[-1, -4, 0]": 0.4000000000000001, "[3, 3, -1]": -31.69999999999971, "[3, 4, -2]": -9.100000000000012, "[3, 4, -1]": -6.6000000000000485, "[3, 4, 0]": -197.80000000000297, "[1, -4, 2]": 6.7, "[2, -2, 3]": 7.400000000000003, "[2, -1, 3]": 93.50000000000037, "[-1, 4, -2]": -11.199999999999996, "[-1, 2, -3]": -12.500000000000004, "[2, 0, -3]": -5.0, "[2, 1, -3]": -8.400000000000006, "[2, 2, -3]": 2.5, "[2, 1, -2]": -54.99999999999986, "[-3, 5, 0]": -187.00000000000108, "[1, -3, -1]": 4.500000000000001, "[3, -4, 1]": 28.19999999999986, "[-1, 1, -3]": -34.80000000000001, "[-2, 2, -3]": -12.299999999999986, "[-1, 2, 2]": 18.699999999999996, "[1, 2, 3]": 0.8999999999999999, "[-1, -2, -3]": -0.8, "[3, 0, 3]": 84.9000000000001, "[1, 1, -2]": -46.19999999999992, "[-1, 3, -2]": -31.199999999999985, "[-3, 4, 0]": -183.70000000000385, "[2, 1, 3]": 16.300000000000004, "[3, 1, 2]": 130.09999999999982, "[-2, -1, -3]": -23.599999999999973, "[-3, 1, -3]": -40.300000000000104, "[-3, -1, -2]": -52.60000000000005, "[-3, -3, 2]": -8.299999999999999, "[-1, -2, -2]": -13.699999999999992, "[-3, -3, 0]": -14.0, "[-2, -3, 1]": -1.7999999999999983, "[-2, -3, 2]": -0.49999999999999994, "[-3, 0, -3]": -34.90000000000003, "[-3, 2, 1]": -82.50000000000006, "[-3, 4, 1]": -20.1, "[-2, 1, -3]": -34.80000000000003, "[1, 3, -1]": -14.3, "[2, 3, -1]": -19.500000000000007, "[2, 3, 0]": -64.29999999999993, "[1, -2, -2]": 4.1000000000000005, "[3, -2, -2]": -12.099999999999998, "[2, 0, -2]": -26.80000000000001, "[2, 4, 0]": -4.8999999999999995, "[-2, -1, -4]": -12.7, "[-1, -4, 2]": 1.4000000000000001, "[2, -3, 3]": 4.300000000000001, "[-3, 0, 2]": -9.799999999999994, "[1, -4, -1]": -1.2000000000000002, "[-3, 4, -2]": -28.400000000000013, "[-3, 3, 1]": -41.20000000000002, "[1, 2, -2]": -16.20000000000002, "[-2, 0, 2]": -35.900000000000006, "[-2, 4, 1]": 3.6999999999999993, "[2, -4, -1]": 4.699999999999998, "[-2, 4, -2]": -5.0, "[2, -4, 2]": -1.2000000000000004, "[3, 4, 1]": 4.1000000000000005, "[-2, -3, -2]": -4.000000000000001, "[-2, -1, -2]": -69.60000000000016, "[-3, -2, 1]": -28.399999999999984,