{"[-1, -1, 0]": 106.40000000000032, "[1, 0, 1]": 2666.9999999995157, "[1, 1, 1]": 214.89999999999526, "[1, 1, 0]": 17.100000000000836, "[1, 0, 0]": 1881.9000000002052, "[-1, -1, -1]": -306.10000000000076, "[-1, -2, 0]": 568.3000000000106, "[-1, -2, -1]": -56.599999999998914, "[-1, 2, 1]": 141.60000000000176, "[-1, 1, -1]": -724.2000000000505, "[-1, 1, 0]": -1991.9000000001377, "[-1, 0, -1]": -1218.70000000006, "[-2, 0, 0]": -2542.999999999689, "[-2, -1, 0]": -891.4000000000837, "[-1, 1, 1]": -205.8999999999961, "[-1, 0, 0]": -1525.2000000001017, "[-1, 0, 1]": 1505.8000000000782, "[-1, 1, -2]": -216.29999999999652, "[-2, -1, -1]": -500.29999999999137, "[-1, -1, 1]": 102.50000000000018, "[2, 1, 0]": -186.40000000000373, "[1, -1, 0]": 3814.4999999984116, "[2, 0, 0]": 134.100000000001, "[2, 1, 1]": 89.1000000000006, "[2, 2, 1]": 21.999999999999954, "[3, 2, 0]": -2020.7999999999895, "[3, 1, 1]": 659.1000000000101, "[2, -1, 0]": 758.0000000000546, "[3, -2, 0]": 398.0000000000021, "[3, -1, 1]": 849.5000000000034, "[3, -1, 0]": 18.300000000000157, "[3, 0, 1]": 1222.8000000000256, "[3, 0, 0]": -1502.5999999999822, "[3, 1, 0]": -2631.9000000001233, "[3, -1, -1]": -526.9000000000009, "[3, 0, -1]": -1174.7000000000066, "[3, 2, 1]": 241.9999999999988, "[3, 0, 2]": 203.69999999999885, "[3, 1, -1]": -531.4000000000038, "[2, -1, 1]": 304.09999999999627, "[2, 0, 2]": 80.80000000000037, "[3, -2, 2]": 171.30000000000007, "[3, -2, 1]": 383.70000000000056, "[-2, 1, -1]": -1037.0000000001246, "[-2, 1, -2]": -378.0999999999882, "[-3, 0, -2]": -138.2999999999999, "[-3, 1, -1]": -564.300000000004, "[-2, -1, 1]": -156.69999999999868, "[-3, 1, -2]": -266.29999999999194, "[-3, 0, 0]": -1021.1000000000748, "[-3, 0, 1]": -138.6999999999998, "[-3, 0, -1]": -717.9000000000434, "[3, 2, -1]": -193.60000000000082, "[3, 3, 0]": -783.7999999999936, "[-3, 2, 0]": -874.8000000000259, "[-2, 0, -2]": -183.89999999999665, "[-3, -1, 0]": -433.2999999999953, "[-3, 1, 0]": -1176.9000000000744, "[-2, 1, 1]": -464.0999999999852, "[-2, 1, 0]": -2765.1999999994173, "[-2, 0, -1]": -1462.3000000001657, "[-2, 2, 0]": -1545.0000000000741, "[-3, 1, 1]": -129.00000000000043, "[-2, 0, 1]": -399.4999999999844, "[-1, 2, 0]": -911.1000000000804, "[-2, 0, -3]": -35.300000000000026, "[-1, 0, -2]": -234.29999999999364, "[1, 0, 2]": 137.09999999999977, "[1, 1, 2]": 54.000000000000234, "[1, -1, 1]": 803.200000000067, "[2, 0, 1]": 931.3000000000985, "[2, -1, -1]": 80.40000000000067, "[3, -2, -1]": -168.09999999999798, "[2, 1, -1]": -174.60000000000156, "[1, 0, -2]": 27.499999999999936, "[2, 0, -1]": -135.4000000000027, "[2, -1, 2]": 185.49999999999685, "[3, 1, -2]": -295.19999999999817, "[3, -3, 1]": 131.70000000000095, "[3, -3, -1]": 37.59999999999995, "[3, -4, 0]": 112.40000000000126, "[3, -4, 2]": 50.39999999999998, "[1, 0, 3]": 22.499999999999968, "[-1, 0, 2]": 428.3999999999934, "[2, 1, 2]": 25.89999999999997, "[1, 0, -1]": 186.49999999999773, "[1, -2, -1]": 82.3000000000002, "[-1, -1, -2]": -17.799999999999972, "[-1, -1, 2]": 14.40000000000002, "[-2, 2, -2]": -164.29999999999805, "[-3, 2, -2]": -190.39999999999662, "[-2, 1, 2]": -22.09999999999995, "[-1, -2, 2]": 73.20000000000029, "[-2, -2, -1]": -188.5999999999984, "[-1, 2, -1]": -296.49999999999625, "[-1, 3, 0]": -115.50000000000077, "[-1, 4, 1]": -3.7000000000000015, "[-1, 4, -1]": -5.7, "[-1, 3, -1]": -43.400000000000155, "[2, -2, 2]": 304.2999999999942, "[2, -3, 1]": 2.5000000000000817, "[1, -1, -2]": 10.599999999999994, "[-1, 2, -2]": -193.89999999999839, "[2, 2, 0]": -122.60000000000083, "[2, -2, 0]": 152.60000000000173, "[3, -3, 0]": 249.20000000000186, "[2, 3, -2]": -13.500000000000004, "[3, 3, -2]": -62.69999999999999, "[3, 2, -2]": -114.7000000000001, "[3, -1, -3]": -26.4, "[3, 0, -3]": -58.10000000000015, "[3, 0, -2]": -260.99999999999875, "[-3, 2, -1]": -212.5999999999989, "[-2, -2, 2]": -8.3, "[-2, -2, 1]": -34.7, "[-1, -3, 2]": -0.6000000000000003, "[-2, 2, -1]": -225.29999999999413, "[-3, 3, 0]": -426.7000000000011, "[-1, 1, 3]": -2.900000000000001, "[-1, 0, 3]": 34.90000000000002, "[2, -3, 0]": -24.100000000000428, "[-1, 4, 0]": -6.500000000000001, "[-3, -2, 0]": -124.10000000000022, "[-2, 3, 0]": -608.7000000000259, "[3, -1, 2]": 399.5999999999966, "[3, -3, 2]": 88.99999999999997, "[-2, 3, -2]": -31.199999999999978, "[1, -1, 2]": 624.2000000000189, "[3, -1, -2]": -64.90000000000005, "[-1, 3, 1]": -7.6000000000000245, "[-1, -3, 0]": -20.29999999999996, "[2, -2, 1]": 153.29999999999956, "[1, -2, 0]": 335.60000000000133, "[2, 2, -2]": -44.59999999999988, "[2, 2, -1]": -50.7999999999999, "[3, -3, 3]": 2.7, "[-2, 2, 1]": -146.19999999999965, "[-3, 3, -3]": -1.7999999999999998, "[-3, 3, -2]": -30.500000000000007, "[-3, 3, -1]": -60.49999999999967, "[-2, 3, 1]": -21.19999999999998, "[1, 1, -1]": -149.4000000000011, "[1, -1, -1]": 856.8000000000744, "[-1, -2, 1]": 33.600000000000016, "[1, 2, 1]": 8.800000000000056, "[-1, 1, 2]": 2.799999999999999, "[1, -2, 2]": 78.80000000000013, "[1, -3, 0]": -19.400000000000095, "[1, 3, 0]": -17.600000000000005, "[3, 3, 1]": 35.20000000000006, "[1, 2, 0]": 144.30000000000044, "[1, 3, 1]": 1.1000000000000063, "[-1, -3, -1]": -16.999999999999996, "[-3, -2, -1]": -141.09999999999928, "[-2, -2, 0]": -199.39999999999577, "[-1, 0, -3]": -33.19999999999998, "[3, 1, 3]": 14.599999999999998, "[1, -2, 1]": 112.10000000000014, "[1, -3, 2]": 21.399999999999995, "[2, -3, 2]": 23.30000000000001, "[-3, -1, -1]": -390.79999999999643, "[-3, -1, 2]": -14.399999999999984, "[-2, 3, -1]": -48.300000000000026, "[1, 2, -1]": -17.699999999999946, "[-3, -1, 1]": -95.50000000000024, "[2, 2, 3]": 4.300000000000002, "[1, -2, -3]": 0.2, "[2, -1, -2]": -18.10000000000002, "[2, -3, -1]": 24.799999999999983, "[2, -2, -1]": 32.39999999999998, "[-2, -3, 0]": -40.00000000000006, "[2, 3, 1]": 7.999999999999999, "[-1, -3, 1]": 11.800000000000004, "[-1, -4, 1]": 9.500000000000004, "[-1, -4, 0]": 2.1999999999999997, "[3, 3, -1]": -33.49999999999973, "[3, 4, -2]": -9.70000000000001, "[3, 4, -1]": -6.6000000000000485, "[3, 4, 0]": -203.60000000000264, "[1, -4, 2]": 6.9, "[2, -2, 3]": 7.600000000000003, "[2, -1, 3]": 113.50000000000065, "[-1, 4, -2]": -11.199999999999996, "[-1, 2, -3]": -14.899999999999995, "[2, 0, -3]": -4.3999999999999995, "[2, 1, -3]": -7.800000000000007, "[2, 2, -3]": 2.7, "[2, 1, -2]": -53.59999999999984, "[-3, 5, 0]": -188.400000000001, "[1, -3, -1]": 4.900000000000001, "[3, -4, 1]": 28.19999999999986, "[-1, 1, -3]": -36.20000000000003, "[-2, 2, -3]": -15.699999999999974, "[-1, 2, 2]": 17.7, "[1, 2, 3]": 1.4999999999999998, "[-1, -2, -3]": -0.4000000000000001, "[3, 0, 3]": 93.10000000000022, "[1, 1, -2]": -45.1999999999999, "[-1, 3, -2]": -39.00000000000008, "[-3, 4, 0]": -194.30000000000325, "[2, 1, 3]": 17.5, "[3, 1, 2]": 132.2999999999997, "[-2, -1, -3]": -26.79999999999996, "[-3, 1, -3]": -51.50000000000026, "[-3, -1, -2]": -55.20000000000009, "[-3, -3, 2]": -8.899999999999997, "[-1, -2, -2]": -13.699999999999992, "[-3, -3, 0]": -14.2, "[-2, -3, 1]": -2.1999999999999984, "[-2, -3, 2]": -0.29999999999999993, "[-3, 0, -3]": -41.30000000000012, "[-3, 2, 1]": -88.50000000000014, "[-3, 4, 1]": -20.3, "[-2, 1, -3]": -39.800000000000104, "[1, 3, -1]": -14.7, "[2, 3, -1]": -19.500000000000007, "[2, 3, 0]": -63.29999999999991, "[1, -2, -2]": 4.500000000000001, "[3, -2, -2]": -12.499999999999996, "[2, 0, -2]": -23.400000000000023, "[2, 4, 0]": -4.8999999999999995, "[-2, -1, -4]": -12.7, "[-1, -4, 2]": 1.2000000000000002, "[2, -3, 3]": 4.300000000000001, "[-3, 0, 2]": -12.399999999999984, "[1, -4, -1]": -1.6, "[-3, 4, -2]": -29.20000000000001, "[-3, 3, 1]": -43.40000000000005, "[1, 2, -2]": -14.200000000000028, "[-2, 0, 2]": -46.70000000000016, "[-2, 4, 1]": 4.1, "[2, -4, -1]": 4.899999999999999, "[-2, 4, -2]": -5.4, "[2, -4, 2]": -0.8000000000000005, "[3, 4, 1]": 4.1000000000000005, "[-2, -3, -2]": -4.000000000000001, "[-2, -1, -2]": -74.20000000000023, "[-3, -2, 1]": -28.599999999999984, "[3, -1, 3]": 42.90000000000002,